state,variable,year,raw,inf_adj,inf_adj_perchild
Alabama,PK12ed,2016,6589890,6589890,5.671337604522705
Alaska,PK12ed,2016,2074993,2074993,10.626983642578123
Arizona,PK12ed,2016,7137123,7137123,4.145819187164307
Arkansas,PK12ed,2016,4411761,4411761,5.927897930145264
California,PK12ed,2016,68892072,68892072,7.165300369262695
Colorado,PK12ed,2016,8060420,8060420,6.062129974365234
Connecticut,PK12ed,2016,8687640,8687640,10.810376167297363
Delaware,PK12ed,2016,1832385,1832385,8.438220977783203
Florida,PK12ed,2016,24222830,24222830,5.503664016723633
Georgia,PK12ed,2016,16563441,16563441,6.248016357421875
Hawaii,PK12ed,2016,1843481,1843481,5.722679138183594
Idaho,PK12ed,2016,1935653,1935653,4.201137065887451
Illinois,PK12ed,2016,23933484,23933484,7.7321343421936035
Indiana,PK12ed,2016,8643916,8643916,5.200248718261719
Iowa,PK12ed,2016,5517359,5517359,7.137380123138428
Kansas,PK12ed,2016,4532902,4532902,6.009279727935791
Kentucky,PK12ed,2016,6283316,6283316,5.881508827209473
Louisiana,PK12ed,2016,7295542,7295542,6.219202995300293
Maine,PK12ed,2016,2290535,2290535,8.453936576843262
Maryland,PK12ed,2016,10459539,10459539,7.3280863761901855
Massachusetts,PK12ed,2016,13998163,13998163,9.491463661193848
Michigan,PK12ed,2016,15328155,15328155,6.589707851409912
Minnesota,PK12ed,2016,9987116,9987116,7.341189861297607
Mississippi,PK12ed,2016,4077663,4077663,5.354270935058594
Missouri,PK12ed,2016,8996869,8996869,6.148110866546631
Montana,PK12ed,2016,1598517,1598517,6.667794227600098
Nebraska,PK12ed,2016,3728426,3728426,7.474581718444824
Nevada,PK12ed,2016,3944218,3944218,5.543252468109131
New Hampshire,PK12ed,2016,2737576,2737576,9.8241424560546875
New Jersey,PK12ed,2016,24349836,24349836,11.593923568725586
New Mexico,PK12ed,2016,3049749,3049749,5.859290599822998
New York,PK12ed,2016,56656536,56656536,12.767292976379396
North Carolina,PK12ed,2016,12620939,12620939,5.193966865539551
North Dakota,PK12ed,2016,1393844,1393844,7.546121120452881
Ohio,PK12ed,2016,20271944,20271944,7.329432964324951
Oklahoma,PK12ed,2016,4958496,4958496,4.8956990242004395
Oregon,PK12ed,2016,6285584,6285584,6.84322452545166
Pennsylvania,PK12ed,2016,25955384,25955384,9.129467010498049
Rhode Island,PK12ed,2016,2297516,2297516,10.197314262390137
South Carolina,PK12ed,2016,7419325,7419325,6.383631706237793
South Dakota,PK12ed,2016,1185796,1185796,5.29656982421875
Tennessee,PK12ed,2016,8294165,8294165,5.232172012329102
Texas,PK12ed,2016,43287224,43287224,5.629720211029053
Utah,PK12ed,2016,3931265,3931265,4.073486804962158
Vermont,PK12ed,2016,1536843,1536843,12.033190727233888
Virginia,PK12ed,2016,14385736,14385736,7.275205135345459
Washington,PK12ed,2016,12315163,12315163,7.1776347160339355
West Virginia,PK12ed,2016,2873668,2873668,7.254246234893799
Wisconsin,PK12ed,2016,9691073,9691073,7.109844207763672
Wyoming,PK12ed,2016,1542763,1542763,10.58942699432373
Alabama,highered,2016,1809324,1809324,1.557125687599182
Alaska,highered,2016,534733,534733,2.738611221313477
Arizona,highered,2016,2563081,2563081,1.4888451099395752
Arkansas,highered,2016,1551943,1551943,2.085280656814575
California,highered,2016,26706188,26706188,2.777647018432617
Colorado,highered,2016,2144389,2144389,1.612765192985535
Connecticut,highered,2016,1432095,1432095,1.7820128202438354
Delaware,highered,2016,307848,307848,1.4176548719406128
Florida,highered,2016,6610633,6610633,1.5020004510879517
Georgia,highered,2016,2497892,2497892,0.9422480463981628
Hawaii,highered,2016,569970,569970,1.7693458795547483
Idaho,highered,2016,555758,555758,1.2062159776687622
Illinois,highered,2016,5063521,5063521,1.6358598470687866
Indiana,highered,2016,2281517,2281517,1.3725788593292236
Iowa,highered,2016,1521209,1521209,1.9678703546524048
Kansas,highered,2016,1587725,1587725,2.104851245880127
Kentucky,highered,2016,2284017,2284017,2.13795804977417
Louisiana,highered,2016,1471251,1471251,1.254191756248474
Maine,highered,2016,431105,431105,1.5911279916763306
Maryland,highered,2016,3036921,3036921,2.1277055740356445
Massachusetts,highered,2016,1776460,1776460,1.204529881477356
Michigan,highered,2016,4715173,4715173,2.0270941257476807
Minnesota,highered,2016,2706146,2706146,1.9891959428787231
Mississippi,highered,2016,1592685,1592685,2.0913124084472656
Missouri,highered,2016,1453645,1453645,0.9933645725250244
Montana,highered,2016,462347,462347,1.928559184074402
Nebraska,highered,2016,1261681,1261681,2.5293617248535156
Nevada,highered,2016,795280,795280,1.1176962852478027
New Hampshire,highered,2016,230909,230909,0.8286466002464294
New Jersey,highered,2016,2523435,2523435,1.201507568359375
New Mexico,highered,2016,1603530,1603530,3.080761194229126
New York,highered,2016,8618085,8618085,1.942046284675598
North Carolina,highered,2016,5286776,5286776,2.175696849822998
North Dakota,highered,2016,631153,631153,3.416994094848633
Ohio,highered,2016,2735853,2735853,0.9891627430915833
Oklahoma,highered,2016,1533625,1533625,1.514202356338501
Oregon,highered,2016,2298350,2298350,2.502253532409668
Pennsylvania,highered,2016,3613647,3613647,1.2710530757904053
Rhode Island,highered,2016,252539,252539,1.1208711862564087
South Carolina,highered,2016,1492727,1492727,1.2843512296676636
South Dakota,highered,2016,325398,325398,1.4534482955932615
Tennessee,highered,2016,1655029,1655029,1.0440348386764526
Texas,highered,2016,15507047,15507047,2.0167691707611084
Utah,highered,2016,2079344,2079344,2.154568672180176
Vermont,highered,2016,242246,242246,1.896740436553955
Virginia,highered,2016,2492657,2492657,1.2605953216552734
Washington,highered,2016,3449493,3449493,2.010464668273926
West Virginia,highered,2016,688598,688598,1.7382868528366089
Wisconsin,highered,2016,3265633,3265633,2.3958277702331543
Wyoming,highered,2016,588395,588395,4.038705825805664
Alabama,edsubs,2016,675607,675607,0.5814353823661804
Alaska,edsubs,2016,33378,33378,0.17094393074512482
Arizona,edsubs,2016,658760,658760,0.3826611638069153
Arkansas,edsubs,2016,478104,478104,0.6424082517623901
California,edsubs,2016,5182384,5182384,0.5390074253082275
Colorado,edsubs,2016,478980,478980,0.36023420095443726
Connecticut,edsubs,2016,371773,371773,0.46261194348335266
Delaware,edsubs,2016,292436,292436,1.346681833267212
Florida,edsubs,2016,1713856,1713856,0.389404833316803
Georgia,edsubs,2016,1078655,1078655,0.40688732266426086
Hawaii,edsubs,2016,136682,136682,0.4242990612983704
Idaho,edsubs,2016,84503,84503,0.18340513110160828
Illinois,edsubs,2016,1016816,1016816,0.328500360250473
Indiana,edsubs,2016,958748,958748,0.576790452003479
Iowa,edsubs,2016,352054,352054,0.4554249942302704
Kansas,edsubs,2016,140874,140874,0.18675702810287476
Kentucky,edsubs,2016,902931,902931,0.845190167427063
Louisiana,edsubs,2016,943835,943835,0.8045874834060669
Maine,edsubs,2016,112764,112764,0.4161908626556397
Maryland,edsubs,2016,490603,490603,0.34372273087501526
Massachusetts,edsubs,2016,908508,908508,0.6160144805908203
Michigan,edsubs,2016,1108190,1108190,0.4764205813407898
Minnesota,edsubs,2016,645763,645763,0.4746784567832947
Mississippi,edsubs,2016,311972,311972,0.40964215993881226
Missouri,edsubs,2016,425038,425038,0.2904544770717621
Montana,edsubs,2016,72585,72585,0.302769273519516
Nebraska,edsubs,2016,151696,151696,0.30411335825920105
Nevada,edsubs,2016,372990,372990,0.5242047309875488
New Hampshire,edsubs,2016,158005,158005,0.5670212507247925
New Jersey,edsubs,2016,1111637,1111637,0.529294490814209
New Mexico,edsubs,2016,199306,199306,0.38291406631469727
New York,edsubs,2016,2005495,2005495,0.4519291818141937
North Carolina,edsubs,2016,1177150,1177150,0.4844392240047455
North Dakota,edsubs,2016,47768,47768,0.2586107850074768
Ohio,edsubs,2016,1188891,1188891,0.42985010147094727
Oklahoma,edsubs,2016,426938,426938,0.4215310215950012
Oregon,edsubs,2016,301248,301248,0.3279739320278168
Pennsylvania,edsubs,2016,1070008,1070008,0.37636131048202515
Rhode Island,edsubs,2016,138556,138556,0.6149680614471436
South Carolina,edsubs,2016,1000541,1000541,0.8608714938163757
South Dakota,edsubs,2016,41904,41904,0.18717169761657715
Tennessee,edsubs,2016,727236,727236,0.4587591290473938
Texas,edsubs,2016,1663400,1663400,0.2163335084915161
Utah,edsubs,2016,263480,263480,0.2730119526386261
Vermont,edsubs,2016,126279,126279,0.9887407422065736
Virginia,edsubs,2016,836362,836362,0.4229679405689239
Washington,edsubs,2016,1087294,1087294,0.6337065100669861
West Virginia,edsubs,2016,249685,249685,0.6303012371063232
Wisconsin,edsubs,2016,373251,373251,0.273835152387619
Wyoming,edsubs,2016,52810,52810,0.36248448491096497
Alabama,edservs,2016,317134,317134,0.27292928099632263
Alaska,edservs,2016,43775,43775,0.22419171035289764
Arizona,edservs,2016,47786,47786,0.02775797992944717
Arkansas,edservs,2016,137966,137966,0.1853791177272797
California,edservs,2016,1042184,1042184,0.1083950772881508
Colorado,edservs,2016,168361,168361,0.12662196159362793
Connecticut,edservs,2016,306002,306002,0.3807704746723175
Delaware,edservs,2016,167690,167690,0.7722204923629761
Florida,edservs,2016,1505206,1505206,0.34199753403663635
Georgia,edservs,2016,882876,882876,0.3330360949039459
Hawaii,edservs,2016,20822,20822,0.06463729590177536
Idaho,edservs,2016,121847,121847,0.26445648074150085
Illinois,edservs,2016,678826,678826,0.21930672228336337
Indiana,edservs,2016,226503,226503,0.13626600801944733
Iowa,edservs,2016,138795,138795,0.17954833805561066
Kansas,edservs,2016,134892,134892,0.1788266748189926
Kentucky,edservs,2016,142462,142462,0.1333518028259277
Louisiana,edservs,2016,638712,638712,0.5444803833961487
Maine,edservs,2016,109150,109150,0.4028522670269013
Maryland,edservs,2016,304463,304463,0.21331065893173215
Massachusetts,edservs,2016,748445,748445,0.5074836611747742
Michigan,edservs,2016,204733,204733,0.088016510009765625
Minnesota,edservs,2016,324120,324120,0.23824959993362427
Mississippi,edservs,2016,247798,247798,0.3253769874572754
Missouri,edservs,2016,353074,353074,0.2412770688533783
Montana,edservs,2016,40880,40880,0.17052020132541656
Nebraska,edservs,2016,164605,164605,0.32999274134635925
Nevada,edservs,2016,136410,136410,0.19171229004859924
New Hampshire,edservs,2016,58262,58262,0.20908066630363464
New Jersey,edservs,2016,986942,986942,0.4699222445487976
New Mexico,edservs,2016,193911,193911,0.3725489675998688
New York,edservs,2016,-18342,-18342,-0.00413328642025589
North Carolina,edservs,2016,735409,735409,0.30264702439308167
North Dakota,edservs,2016,33702,33702,0.1824589967727661
Ohio,edservs,2016,522168,522168,0.1887927204370499
Oklahoma,edservs,2016,225801,225801,0.2229413241147995
Oregon,edservs,2016,196871,196871,0.21433688700199127
Pennsylvania,edservs,2016,766897,766897,0.26974597573280334
Rhode Island,edservs,2016,150646,150646,0.668628454208374
South Carolina,edservs,2016,374320,374320,0.32206717133522034
South Dakota,edservs,2016,90506,90506,0.40426120162010193
Tennessee,edservs,2016,219964,219964,0.13875894248485565
Texas,edservs,2016,632473,632473,0.08225627988576889
Utah,edservs,2016,265851,265851,0.27546870708465576
Vermont,edservs,2016,71525,71525,0.5600272417068481
Virginia,edservs,2016,161478,161478,0.08166322112083435
Washington,edservs,2016,720146,720146,0.4197219908237457
West Virginia,edservs,2016,247307,247307,0.6242982149124146
Wisconsin,edservs,2016,268766,268766,0.1971798539161682
Wyoming,edservs,2016,153253,153253,1.051918864250183
Alabama,pell,2016,434938.334,434938.34375,0.374313086271286
Alaska,pell,2016,35029.409,35029.41015625,0.17940156161785126
Arizona,pell,2016,530848.644,530848.625,0.30835989117622375
Arkansas,pell,2016,273420.791,273420.78125,0.36738401651382446
California,pell,2016,3726363.253,3726363.25,0.38757017254829407
Colorado,pell,2016,337515.314,337515.3125,0.2538405656814575
Connecticut,pell,2016,247650.323,247650.328125,0.3081611692905426
Delaware,pell,2016,61801.217,61801.21875,0.28459757566452026
Florida,pell,2016,1824428.714,1824428.75,0.4145280420780182
Georgia,pell,2016,1025526.645,1025526.625,0.3868463635444641
Hawaii,pell,2016,79730.256,79730.2578125,0.24750496447086337
Idaho,pell,2016,139799.468,139799.46875,0.3034204840660095
Illinois,pell,2016,959057.456,959057.4375,0.30984044075012207
Indiana,pell,2016,466927.992,466928,0.28090760111808777
Iowa,pell,2016,193784.263,193784.265625,0.2506836950778961
Kansas,pell,2016,199486.254,199486.25,0.26445943117141724
Kentucky,pell,2016,353975.207,353975.21875,0.33133912086486816
Louisiana,pell,2016,437873.049,437873.0625,0.37327200174331665
Maine,pell,2016,93525.349,93525.3515625,0.3451845943927765
Maryland,pell,2016,407081.015,407081,0.285206139087677
Massachusetts,pell,2016,423617.523,423617.53125,0.2872341573238373
Michigan,pell,2016,760240.627,760240.625,0.326834112405777
Minnesota,pell,2016,358299.665,358299.65625,0.2633739113807678
Mississippi,pell,2016,360976.49,360976.5,0.4739886820316314
Missouri,pell,2016,447244.009,447244,0.3056291937828064
Montana,pell,2016,66766.544,66766.546875,0.27849912643432617
Nebraska,pell,2016,123743.867,123743.8671875,0.2480761706829071
Nevada,pell,2016,176596.81,176596.8125,0.24819132685661316
New Hampshire,pell,2016,61569.156,61569.15625,0.22094881534576416
New Jersey,pell,2016,722315.204,722315.1875,0.3439229428768158
New Mexico,pell,2016,187876.857,187876.859375,0.36095595359802246
New York,pell,2016,1880475.457,1880475.5,0.4237566292285919
North Carolina,pell,2016,905545.926,905545.9375,0.3726644515991211
North Dakota,pell,2016,34307.294,34307.29296875,0.18573598563671112
Ohio,pell,2016,822620.999,822621,0.2974231541156769
Oklahoma,pell,2016,295151.934,295151.9375,0.29141396284103394
Oregon,pell,2016,284690.479,284690.46875,0.3099474608898163
Pennsylvania,pell,2016,832925.925,832925.9375,0.29297080636024475
Rhode Island,pell,2016,77546.502,77546.5,0.3441830277442932
South Carolina,pell,2016,429351.119,429351.125,0.3694162964820862
South Dakota,pell,2016,49256.463,49256.46484375,0.22001279890537265
Tennessee,pell,2016,541756.197,541756.1875,0.3417537212371826
Texas,pell,2016,2373398.799,2373398.75,0.30867239832878113
Utah,pell,2016,256434.133,256434.140625,0.2657111883163452
Vermont,pell,2016,31579.335,31579.3359375,0.2472602427005768
Virginia,pell,2016,587936.71,587936.6875,0.29733341932296753
Washington,pell,2016,453640.416,453640.40625,0.2643947899341583
West Virginia,pell,2016,136507.604,136507.609375,0.34459784626960754
Wisconsin,pell,2016,357849.956,357849.96875,0.2625361979007721
Wyoming,pell,2016,30708.28,30708.279296875,0.21077966690063477
Alabama,HeadStartPriv,2016,115742.88137409303,115742.8828125,0.09960969537496568
Alaska,HeadStartPriv,2016,8152.028873471499,8152.02880859375,0.04175025224685669
Arizona,HeadStartPriv,2016,83407.2323221823,83407.234375,0.04844967648386955
Arkansas,HeadStartPriv,2016,81667.13148167181,81667.1328125,0.10973269492387772
California,HeadStartPriv,2016,677665.6523304587,677665.625,0.07048238813877106
Colorado,HeadStartPriv,2016,60688.04559515166,60688.046875,0.04564263671636581
Connecticut,HeadStartPriv,2016,51866.77275579691,51866.7734375,0.06453989446163177
Delaware,HeadStartPriv,2016,16011.159809724688,16011.16015625,0.0737321600317955
Florida,HeadStartPriv,2016,227717.22934336425,227717.234375,0.05173958092927933
Georgia,HeadStartPriv,2016,205334.7180877391,205334.71875,0.0774558037519455
Hawaii,HeadStartPriv,2016,28455.359,28455.359375,0.0883333757519722
Idaho,HeadStartPriv,2016,19649.270596455575,19649.271484375,0.04264673963189125
Illinois,HeadStartPriv,2016,256523.3040045762,256523.296875,0.08287438005208969
Indiana,HeadStartPriv,2016,101212.2816473828,101212.28125,0.06089011579751968
Iowa,HeadStartPriv,2016,59927.136166872086,59927.13671875,0.07752309739589691
Kansas,HeadStartPriv,2016,38693.71073638874,38693.7109375,0.05129635334014892
Kentucky,HeadStartPriv,2016,96003.73019389564,96003.7265625,0.08986445516347885
Louisiana,HeadStartPriv,2016,129757.81912045385,129757.8203125,0.11061415821313858
Maine,HeadStartPriv,2016,33982.19402360487,33982.1953125,0.125421941280365
Maryland,HeadStartPriv,2016,69009.39856506884,69009.3984375,0.04834886640310287
Massachusetts,HeadStartPriv,2016,127018.54401126152,127018.546875,0.08612501621246338
Michigan,HeadStartPriv,2016,224288.4120598364,224288.40625,0.09642355144023897
Minnesota,HeadStartPriv,2016,84248.84889861882,84248.8515625,0.06192846968770027
Mississippi,HeadStartPriv,2016,183636.8824568478,183636.875,0.24112871289253235
Missouri,HeadStartPriv,2016,142623.56442685938,142623.5625,0.09746340662240982
Montana,HeadStartPriv,2016,16818.470306452156,16818.470703125,0.07015383988618851
Nebraska,HeadStartPriv,2016,30818.100449119807,30818.099609375,0.06178274750709534
Nevada,HeadStartPriv,2016,29532.965308731793,29532.96484375,0.04150598868727684
New Hampshire,HeadStartPriv,2016,16817.542,16817.54296875,0.06035191193222999
New Jersey,HeadStartPriv,2016,154944.88258911966,154944.875,0.07377540320158005
New Mexico,HeadStartPriv,2016,45717.45694580889,45717.45703125,0.08783406764268875
New York,HeadStartPriv,2016,529557.3697459345,529557.375,0.11933334916830064
North Carolina,HeadStartPriv,2016,170714.03627555358,170714.03125,0.07025491446256638
North Dakota,HeadStartPriv,2016,6096.05284427619,6096.052734375,0.03300337120890617
Ohio,HeadStartPriv,2016,279950.11237855494,279950.125,0.10121750831604004
Oklahoma,HeadStartPriv,2016,87978.59086157513,87978.59375,0.08686438202857971
Oregon,HeadStartPriv,2016,62585.96021032262,62585.9609375,0.06813842803239822
Pennsylvania,HeadStartPriv,2016,196428.8362860128,196428.84375,0.06909127533435822
Rhode Island,HeadStartPriv,2016,27815.549,27815.548828125,0.12345676124095915
South Carolina,HeadStartPriv,2016,87698.48011104464,87698.4765625,0.07545629888772964
South Dakota,HeadStartPriv,2016,15557.505294817684,15557.5048828125,0.06949037313461304
Tennessee,HeadStartPriv,2016,97814.29507937026,97814.296875,0.06170377135276794
Texas,HeadStartPriv,2016,386600.0011741193,386600,0.05027926713228226
Utah,HeadStartPriv,2016,45450.67787093979,45450.6796875,0.04709495231509209
Vermont,HeadStartPriv,2016,14484.5664357723,14484.56640625,0.11341141909360886
Virginia,HeadStartPriv,2016,87701.98744664574,87701.984375,0.04435295611619949
Washington,HeadStartPriv,2016,63790.8668454133,63790.8671875,0.03717916831374168
West Virginia,HeadStartPriv,2016,49231.985784902456,49231.984375,0.12428051233291626
Wisconsin,HeadStartPriv,2016,86981.9664613837,86981.96875,0.06381421536207199
Wyoming,HeadStartPriv,2016,11426.033463461816,11426.033203125,0.07842756062746048
Alabama,TANFbasic,2016,25672.715,25672.71484375,0.0220942422747612
Alaska,TANFbasic,2016,39416.18,39416.1796875,0.2018682062625885
Arizona,TANFbasic,2016,44727.521,44727.51953125,0.02598136663436889
Arkansas,TANFbasic,2016,7039.38,7039.3798828125,0.00945851951837539
California,TANFbasic,2016,2632008.637,2632008.75,0.2737489640712738
Colorado,TANFbasic,2016,74788.705,74788.703125,0.05624754354357719
Connecticut,TANFbasic,2016,59229.283,59229.28125,0.07370135188102722
Delaware,TANFbasic,2016,19611.962,19611.962890625,0.09031403064727785
Florida,TANFbasic,2016,167512.569,167512.5625,0.0380604937672615
Georgia,TANFbasic,2016,83569.126,83569.125,0.03152371942996979
Hawaii,TANFbasic,2016,42384.056,42384.0546875,0.1315719336271286
Idaho,TANFbasic,2016,7917.11,7917.10986328125,0.01718327961862087
Illinois,TANFbasic,2016,53514.363,53514.36328125,0.01728875935077667
Indiana,TANFbasic,2016,18557.718,18557.71875,0.01116447150707244
Iowa,TANFbasic,2016,40353.294,40353.29296875,0.05220193043351173
Kansas,TANFbasic,2016,16403.189,16403.189453125,0.02174575068056583
Kentucky,TANFbasic,2016,144001.409,144001.40625,0.1347927749156952
Louisiana,TANFbasic,2016,19661.371,19661.37109375,0.01676065474748611
Maine,TANFbasic,2016,30477.557,30477.556640625,0.11248696595430374
Maryland,TANFbasic,2016,123423.287,123423.2890625,0.08647193014621735
Massachusetts,TANFbasic,2016,231104.706,231104.703125,0.15670070052146912
Michigan,TANFbasic,2016,130839.319,130839.3203125,0.0562489703297615
Minnesota,TANFbasic,2016,93051.164,93051.1640625,0.06839875131845474
Mississippi,TANFbasic,2016,9674.253,9674.2529296875,0.01270300522446632
Missouri,TANFbasic,2016,51610.188,51610.1875,0.03526839986443519
Montana,TANFbasic,2016,19833.336,19833.3359375,0.08272955566644669
Nebraska,TANFbasic,2016,26952.782,26952.78125,0.05403373017907142
Nevada,TANFbasic,2016,44515.377,44515.37890625,0.06256245821714401
New Hampshire,TANFbasic,2016,13661.441,13661.44140625,0.04902583733201027
New Jersey,TANFbasic,2016,121620.405,121620.40625,0.0579083040356636
New Mexico,TANFbasic,2016,59147.748,59147.74609375,0.1136368364095688
New York,TANFbasic,2016,1565709.22,1565709.25,0.35282546281814575
North Carolina,TANFbasic,2016,45902.3,45902.30078125,0.01889043487608432
North Dakota,TANFbasic,2016,4306.551,4306.55078125,0.02331520058214664
Ohio,TANFbasic,2016,256516.635,256516.640625,0.09274500608444214
Oklahoma,TANFbasic,2016,32544.786,32544.78515625,0.03213262185454368
Oregon,TANFbasic,2016,101263.975,101263.9765625,0.11024785041809082
Pennsylvania,TANFbasic,2016,229318.261,229318.265625,0.08065969496965408
Rhode Island,TANFbasic,2016,26931.588,26931.587890625,0.11953338235616684
South Carolina,TANFbasic,2016,41716.691,41716.69140625,0.03589329123497009
South Dakota,TANFbasic,2016,13308.743,13308.7431640625,0.05944587662816048
Tennessee,TANFbasic,2016,71412.477,71412.4765625,0.04504882544279098
Texas,TANFbasic,2016,53812.127,53812.12890625,0.00699853710830211
Utah,TANFbasic,2016,21466.054,21466.0546875,0.02224263362586498
Vermont,TANFbasic,2016,15384.998,15384.998046875,0.1204616278409958
Virginia,TANFbasic,2016,77187.857,77187.859375,0.03903571516275406
Washington,TANFbasic,2016,158863.459,158863.453125,0.09259023517370224
West Virginia,TANFbasic,2016,26601.572,26601.572265625,0.06715262681245804
Wisconsin,TANFbasic,2016,84060.943,84060.9453125,0.06167121231555939
Wyoming,TANFbasic,2016,4412.032,4412.0322265625,0.03028390742838382
Alabama,othercashserv,2016,909292.25,909292.25,0.7825477123260498
Alaska,othercashserv,2016,447387.8125,447387.8125,2.291276693344116
Arizona,othercashserv,2016,2988505.5,2988505.5,1.7359660863876345
Arkansas,othercashserv,2016,562262.625,562262.625,0.7554886937141418
California,othercashserv,2016,20692808,20692808,2.152209758758545
Colorado,othercashserv,2016,1275828.25,1275828.25,0.9595326781272888
Connecticut,othercashserv,2016,1332880.75,1332880.75,1.658556580543518
Delaware,othercashserv,2016,323799.03125,323799.03125,1.49111008644104
Florida,othercashserv,2016,3090322.5,3090322.5,0.7021514773368835
Georgia,othercashserv,2016,1476011.875,1476011.875,0.5567771792411804
Hawaii,othercashserv,2016,572777.9375,572777.9375,1.7780624628067017
Idaho,othercashserv,2016,375750.875,375750.875,0.815528929233551
Illinois,othercashserv,2016,4161570.75,4161570.75,1.3444688320159912
Indiana,othercashserv,2016,2532059.25,2532059.25,1.5233070850372314
Iowa,othercashserv,2016,682876.6875,682876.6875,0.8833847045898436
Kansas,othercashserv,2016,744301.8125,744301.8125,0.9867228269577026
Kentucky,othercashserv,2016,1033983.5625,1033983.5625,0.9678621292114258
Louisiana,othercashserv,2016,696859.625,696859.625,0.5940492749214172
Maine,othercashserv,2016,1003260.4375,1003260.4375,3.702846765518189
Maryland,othercashserv,2016,2456599.75,2456599.75,1.7211251258850098
Massachusetts,othercashserv,2016,2855946.25,2855946.25,1.9364763498306272
Michigan,othercashserv,2016,3019854.75,3019854.75,1.2982620000839231
Minnesota,othercashserv,2016,3194975.75,3194975.75,2.348518133163452
Mississippi,othercashserv,2016,504251.75,504251.75,0.6621196269989014
Missouri,othercashserv,2016,761864.8125,761864.8125,0.520628809928894
Montana,othercashserv,2016,52540.6640625,52540.6640625,0.21915960311889648
Nebraska,othercashserv,2016,956774.1875,956774.1875,1.9180980920791624
Nevada,othercashserv,2016,684217.625,684217.625,0.961607813835144
New Hampshire,othercashserv,2016,333317.5625,333317.5625,1.1961528062820437
New Jersey,othercashserv,2016,3069942.5,3069942.5,1.461721420288086
New Mexico,othercashserv,2016,474350.25,474350.25,0.9113392233848572
New York,othercashserv,2016,9745851,9745851,2.196183204650879
North Carolina,othercashserv,2016,2493124.75,2493124.75,1.0260097980499268
North Dakota,othercashserv,2016,845701.4375,845701.4375,4.578536510467529
Ohio,othercashserv,2016,4217741.5,4217741.5,1.5249476432800293
Oklahoma,othercashserv,2016,994969.1875,994969.1875,0.9823683500289916
Oregon,othercashserv,2016,2477835,2477835,2.697662115097046
Pennsylvania,othercashserv,2016,6026701,6026701,2.1198132038116455
Rhode Island,othercashserv,2016,359977.40625,359977.40625,1.5977267026901243
South Carolina,othercashserv,2016,829500.3125,829500.3125,0.7137070298194885
South Dakota,othercashserv,2016,329441.25,329441.25,1.4715081453323364
Tennessee,othercashserv,2016,1697186.5,1697186.5,1.0706287622451782
Texas,othercashserv,2016,4450809,4450809,0.5788500308990479
Utah,othercashserv,2016,777611.9375,777611.9375,0.8057436943054199
Vermont,othercashserv,2016,409357,409357,3.205188035964966
Virginia,othercashserv,2016,2944186,2944186,1.488944172859192
Washington,othercashserv,2016,2901735.5,2901735.5,1.691215753555298
West Virginia,othercashserv,2016,645795.4375,645795.4375,1.6302366256713867
Wisconsin,othercashserv,2016,2755461,2755461,2.021540641784668
Wyoming,othercashserv,2016,197221.96875,197221.96875,1.3537189960479736
Alabama,SNAP,2016,555892.0625,555892.0625,0.4784072935581207
Alaska,SNAP,2016,74580.453125,74580.453125,0.3819604516029358
Arizona,SNAP,2016,663255,663255,0.3852722346782684
Arkansas,SNAP,2016,268087.625,268087.625,0.3602180778980255
California,SNAP,2016,3691227,3691227,0.3839157521724701
Colorado,SNAP,2016,350188.53125,350188.53125,0.26337191462516785
Connecticut,SNAP,2016,244041.5625,244041.5625,0.30367064476013184
Delaware,SNAP,2016,98424.7578125,98424.7578125,0.4532507359981537
Florida,SNAP,2016,2112785.5,2112785.5,0.48004552721977234
Georgia,SNAP,2016,1254281.375,1254281.375,0.4731366038322449
Hawaii,SNAP,2016,200953.375,200953.375,0.6238153576850891
Idaho,SNAP,2016,125413.1484375,125413.1484375,0.2721964418888092
Illinois,SNAP,2016,1255923.375,1255923.375,0.4057482182979584
Indiana,SNAP,2016,504312.625,504312.625,0.3033984899520874
Iowa,SNAP,2016,221819.984375,221819.984375,0.28695133328437805
Kansas,SNAP,2016,164315.984375,164315.984375,0.21783412992954257
Kentucky,SNAP,2016,400238.625,400238.625,0.37464407086372375
Louisiana,SNAP,2016,697929.3125,697929.3125,0.5949611663818359
Maine,SNAP,2016,90234.1796875,90234.1796875,0.33303749561309814
Maryland,SNAP,2016,452164.65625,452164.65625,0.3167923390865326
Massachusetts,SNAP,2016,411641.84375,411641.84375,0.2791140377521515
Michigan,SNAP,2016,793540.375,793540.375,0.3411499559879303
Minnesota,SNAP,2016,278384.40625,278384.40625,0.20463092625141144
Mississippi,SNAP,2016,365674.90625,365674.90625,0.4801580309867859
Missouri,SNAP,2016,551258.375,551258.375,0.37670856714248657
Montana,SNAP,2016,68542.5703125,68542.5703125,0.2859073579311371
Nebraska,SNAP,2016,116969.2265625,116969.2265625,0.2344946712255478
Nevada,SNAP,2016,272582,272582,0.383090078830719
New Hampshire,SNAP,2016,48461.91015625,48461.91015625,0.17391178011894226
New Jersey,SNAP,2016,571165.5,571165.5,0.27195456624031067
New Mexico,SNAP,2016,312735.46875,312735.46875,0.6008389592170715
New York,SNAP,2016,1860669.625,1860669.625,0.41929346323013306
North Carolina,SNAP,2016,982789.8125,982789.8125,0.4044530689716339
North Dakota,SNAP,2016,34785.79296875,34785.79296875,0.18832652270793915
Ohio,SNAP,2016,1008729.875,1008729.875,0.36471185088157654
Oklahoma,SNAP,2016,406510.34375,406510.34375,0.4013620615005493
Oregon,SNAP,2016,339062.375,339062.375,0.3691430985927582
Pennsylvania,SNAP,2016,1061590.625,1061590.625,0.3734005987644195
Rhode Island,SNAP,2016,97089.578125,97089.578125,0.430923193693161
South Carolina,SNAP,2016,567525.5,567525.5,0.4883023500442505
South Dakota,SNAP,2016,69981.6796875,69981.6796875,0.3125856816768646
Tennessee,SNAP,2016,710719.9375,710719.9375,0.44834038615226746
Texas,SNAP,2016,2919699.5,2919699.5,0.3797215521335602
Utah,SNAP,2016,158783.453125,158783.453125,0.1645277738571167
Vermont,SNAP,2016,41929.2265625,41929.2265625,0.3282979428768158
Virginia,SNAP,2016,544946.3125,544946.3125,0.275592178106308
Washington,SNAP,2016,560816.875,560816.875,0.32686036825180054
West Virginia,SNAP,2016,181657.640625,181657.640625,0.45857393741607666
Wisconsin,SNAP,2016,399594.5,399594.5,0.2931620180606842
Wyoming,SNAP,2016,24594.67578125,24594.67578125,0.16881628334522247
Alabama,socsec,2016,484469.3496570841,484469.34375,0.4169400632381439
Alaska,socsec,2016,54980.037735997714,54980.0390625,0.28157782554626465
Arizona,socsec,2016,426049.5402115502,426049.53125,0.24748407304286957
Arkansas,socsec,2016,278216.39733943105,278216.40625,0.3738276958465576
California,socsec,2016,1862780.9452277697,1862781,0.19374342262744904
Colorado,socsec,2016,285497.11779898836,285497.125,0.21471841633319855
Connecticut,socsec,2016,207289.49354399723,207289.5,0.25793856382369995
Delaware,socsec,2016,64185.19472701741,64185.1953125,0.29557591676712036
Florida,socsec,2016,1321105.862703344,1321105.875,0.3001681864261627
Georgia,socsec,2016,733425.5707260276,733425.5625,0.2766607999801636
Hawaii,socsec,2016,81978.14386757725,81978.140625,0.25448301434516907
Idaho,socsec,2016,109070.08840310016,109070.0859375,0.2367254942655563
Illinois,socsec,2016,720934.1367472236,720934.125,0.23291048407554624
Indiana,socsec,2016,489510.20405830606,489510.21875,0.29449325799942017
Iowa,socsec,2016,170218.32535733338,170218.328125,0.22019827365875244
Kansas,socsec,2016,185260.82137645705,185260.828125,0.24560075998306272
Kentucky,socsec,2016,389864.71025132784,389864.71875,0.3649335503578186
Louisiana,socsec,2016,393643.22399590875,393643.21875,0.33556756377220154
Maine,socsec,2016,92925.2810493237,92925.28125,0.3429698646068573
Maryland,socsec,2016,364925.3831163352,364925.375,0.2556713819503784
Massachusetts,socsec,2016,403975.6662360006,403975.65625,0.27391597628593445
Michigan,socsec,2016,750966.6992109386,750966.6875,0.3228471577167511
Minnesota,socsec,2016,271829.4260487017,271829.4375,0.1998125910758972
Mississippi,socsec,2016,299936.56015218433,299936.5625,0.3938387334346771
Missouri,socsec,2016,443167.03622868273,443167.03125,0.3028431534767151
Montana,socsec,2016,68787.01021712516,68787.0078125,0.2869269549846649
Nebraska,socsec,2016,100756.2795316955,100756.28125,0.20199169218540192
Nevada,socsec,2016,180484.8056004398,180484.8125,0.2536555528640747
New Hampshire,socsec,2016,100157.21431691332,100157.2109375,0.35942700505256653
New Jersey,socsec,2016,560186.6888406874,560186.6875,0.26672711968421936
New Mexico,socsec,2016,154490.86898043717,154490.875,0.29681357741355896
New York,socsec,2016,1123039.6637277938,1123039.625,0.2530718743801117
North Carolina,socsec,2016,687490.4822279128,687490.5,0.28292685747146606
North Dakota,socsec,2016,36987.433015829985,36987.43359375,0.20024597644805908
Ohio,socsec,2016,735563.020299116,735563,0.2659468650817871
Oklahoma,socsec,2016,306601.88719162776,306601.875,0.3027189075946808
Oregon,socsec,2016,219344.25229330055,219344.25,0.2388039082288742
Pennsylvania,socsec,2016,833398.1472510591,833398.125,0.2931368947029114
Rhode Island,socsec,2016,66765.3212781996,66765.3203125,0.2963317334651947
South Carolina,socsec,2016,391972.13714807073,391972.125,0.33725517988204956
South Dakota,socsec,2016,47723.34007159099,47723.33984375,0.213164821267128
Tennessee,socsec,2016,533692.1556918223,533692.125,0.33666670322418213
Texas,socsec,2016,1665987.6963772145,1665987.75,0.21667005121707916
Utah,socsec,2016,186814.53760101064,186814.53125,0.19357293844223025
Vermont,socsec,2016,39321.30956861356,39321.30859375,0.30787843465805054
Virginia,socsec,2016,507068.43763573654,507068.4375,0.25643643736839294
Washington,socsec,2016,382315.99532328185,382316,0.2228248715400696
West Virginia,socsec,2016,172582.6492054927,172582.65625,0.4356651604175568
Wisconsin,socsec,2016,332879.64392466797,332879.65625,0.24421675503253937
Wyoming,socsec,2016,38807.75260652793,38807.75390625,0.2663739323616028
Alabama,fedSSI,2016,186143.922,186143.921875,0.1601976603269577
Alaska,fedSSI,2016,8516.271959999998,8516.271484375,0.04361570253968239
Arizona,fedSSI,2016,143704.66956,143704.671875,0.08347531408071518
Arkansas,fedSSI,2016,207526.29312,207526.296875,0.27884435653686523
California,fedSSI,2016,684731.8754446446,684731.875,0.07121733576059341
Colorado,fedSSI,2016,68914.60632,68914.609375,0.05182971805334091
Connecticut,fedSSI,2016,65367.13344,65367.1328125,0.08133892714977264
Delaware,fedSSI,2016,25954.81056,25954.810546875,0.11952315270900726
Florida,fedSSI,2016,783571.128,783571.125,0.17803502082824707
Georgia,fedSSI,2016,342978.49044,342978.5,0.12937742471694946
Hawaii,fedSSI,2016,10578.602399999998,10578.6025390625,0.03283893316984176
Idaho,fedSSI,2016,38994.7392,38994.73828125,0.08463410288095474
Illinois,fedSSI,2016,297888.28356,297888.28125,0.09623806178569794
Indiana,fedSSI,2016,180788.3532,180788.359375,0.10876371711492538
Iowa,fedSSI,2016,58613.92991999999,58613.9296875,0.0758243054151535
Kansas,fedSSI,2016,68687.28396000002,68687.28125,0.09105890989303587
Kentucky,fedSSI,2016,202774.67388,202774.671875,0.18980759382247925
Louisiana,fedSSI,2016,262726.78968,262726.78125,0.22396570444107056
Maine,fedSSI,2016,30055.834079999997,30055.833984375,0.11093046516180038
Maryland,fedSSI,2016,144465.43368000002,144465.4375,0.10121432691812517
Massachusetts,fedSSI,2016,166718.50344,166718.5,0.11304359138011932
Michigan,fedSSI,2016,295304.32008,295304.3125,0.12695391476154327
Minnesota,fedSSI,2016,97638.07968,97638.078125,0.07177043706178665
Mississippi,fedSSI,2016,163886.16671999998,163886.171875,0.21519458293914795
Missouri,fedSSI,2016,158377.91976,158377.921875,0.10822932422161102
Montana,fedSSI,2016,18326.26404,18326.263671875,0.07644320279359818
Nebraska,fedSSI,2016,28871.385,28871.384765625,0.05788006260991096
Nevada,fedSSI,2016,82269.17999999998,82269.1796875,0.11562211066484453
New Hampshire,fedSSI,2016,16857.640799999997,16857.640625,0.06049580872058868
New Jersey,fedSSI,2016,180443.6472088277,180443.640625,0.08591637760400772
New Mexico,fedSSI,2016,66385.68,66385.6796875,0.1275426149368286
New York,fedSSI,2016,679798.5408,679798.5625,0.1531895250082016
North Carolina,fedSSI,2016,310241.706,310241.71875,0.1276755332946777
North Dakota,fedSSI,2016,7035.163439999999,7035.16357421875,0.0380876176059246
Ohio,fedSSI,2016,355622.82216,355622.8125,0.12857738137245178
Oklahoma,fedSSI,2016,126364.26479999998,126364.265625,0.12476392090320589
Oregon,fedSSI,2016,80799.32112000001,80799.3203125,0.08796762675046921
Pennsylvania,fedSSI,2016,508912.764,508912.75,0.17900340259075165
Rhode Island,fedSSI,2016,32410.293,32410.29296875,0.14385010302066803
South Carolina,fedSSI,2016,147621.61392,147621.609375,0.12701451778411865
South Dakota,fedSSI,2016,17931.396,17931.396484375,0.08009378612041473
Tennessee,fedSSI,2016,175948.65599999996,175948.65625,0.110992930829525
Texas,fedSSI,2016,1055151.978,1055152,0.13722780346870422
Utah,fedSSI,2016,36535.15236,36535.15234375,0.03785688802599907
Vermont,fedSSI,2016,10697.75922767926,10697.7587890625,0.08376143127679825
Virginia,fedSSI,2016,171872.96760000003,171872.96875,0.08692020177841187
Washington,fedSSI,2016,129142.55004,129142.546875,0.07526803016662598
West Virginia,fedSSI,2016,60948.639,60948.640625,0.15385787189006803
Wisconsin,fedSSI,2016,170140.14828,170140.140625,0.12482310831546783
Wyoming,fedSSI,2016,6453.3932399999985,6453.39306640625,0.04429567977786064
Alabama,fedEITC,2016,1392333,1392333,1.1982582807540894
Alaska,fedEITC,2016,103778,103778,0.5314943790435791
Arizona,fedEITC,2016,1524773,1524773,0.885711669921875
Arkansas,fedEITC,2016,789715,789715,1.0611069202423096
California,fedEITC,2016,7195591,7195591,0.7483962774276733
Colorado,fedEITC,2016,792843,792843,0.5962861776351929
Connecticut,fedEITC,2016,494583,494583,0.6154293417930603
Delaware,fedEITC,2016,177779,177779,0.8186808228492737
Florida,fedEITC,2016,5350136,5350136,1.215603232383728
Georgia,fedEITC,2016,2998262,2998262,1.1309962272644043
Hawaii,fedEITC,2016,223222,223222,0.6929433345794678
Idaho,fedEITC,2016,311501,311501,0.676081120967865
Illinois,fedEITC,2016,2484368,2484368,0.8026189208030701
Indiana,fedEITC,2016,1310231,1310231,0.788245439529419
Iowa,fedEITC,2016,470672,470672,0.6088719367980957
Kansas,fedEITC,2016,497955,497955,0.6601402163505554
Kentucky,fedEITC,2016,968141,968141,0.906230092048645
Louisiana,fedEITC,2016,1454343,1454343,1.2397782802581787
Maine,fedEITC,2016,211972,211972,0.7823490500450134
Maryland,fedEITC,2016,968682,968682,0.6786709427833557
Massachusetts,fedEITC,2016,844859,844859,0.5728572010993958
Michigan,fedEITC,2016,1967857,1967857,0.8459989428520203
Minnesota,fedEITC,2016,744397,744397,0.5471809506416321
Mississippi,fedEITC,2016,1079814,1079814,1.4178751707077026
Missouri,fedEITC,2016,1234618,1234618,0.843690037727356
Montana,fedEITC,2016,171941,171941,0.7172067761421204
Nebraska,fedEITC,2016,314078,314078,0.6296495199203491
Nevada,fedEITC,2016,635581,635581,0.8932533264160156
New Hampshire,fedEITC,2016,150523,150523,0.5401710867881775
New Jersey,fedEITC,2016,1420110,1420110,0.6761707067489624
New Mexico,fedEITC,2016,527226,527226,1.0129261016845703
New York,fedEITC,2016,4092470,4092470,0.9222195148468018
North Carolina,fedEITC,2016,2327357,2327357,0.9577904343605042
North Dakota,fedEITC,2016,94406,94406,0.5111038684844971
Ohio,fedEITC,2016,2292065,2292065,0.8287087082862854
Oklahoma,fedEITC,2016,872030,872030,0.8609861135482788
Oregon,fedEITC,2016,594860,594860,0.6476344466209412
Pennsylvania,fedEITC,2016,2118560,2118560,0.7451757788658142
Rhode Island,fedEITC,2016,190759,190759,0.8466663360595703
South Carolina,fedEITC,2016,1260928,1260928,1.0849100351333618
South Dakota,fedEITC,2016,139730,139730,0.6241289973258972
Tennessee,fedEITC,2016,1631194,1631194,1.028999090194702
Texas,fedEITC,2016,7316605,7316605,0.951561152935028
Utah,fedEITC,2016,451037,451037,0.4673542082309723
Vermont,fedEITC,2016,85873,85873,0.6723693609237671
Virginia,fedEITC,2016,1432470,1432470,0.7244337797164917
Washington,fedEITC,2016,965723,965723,0.5628514289855957
West Virginia,fedEITC,2016,362529,362529,0.915162980556488
Wisconsin,fedEITC,2016,851033,851033,0.6243593692779541
Wyoming,fedEITC,2016,81236,81236,0.5575987100601196
Alabama,CTC,2016,383426,383426,0.3299809694290161
Alaska,CTC,2016,77275,77275,0.3957604467868805
Arizona,CTC,2016,576903,576903,0.3351120054721832
Arkansas,CTC,2016,243802,243802,0.32758650183677673
California,CTC,2016,3079440,3079440,0.32028523087501526
Colorado,CTC,2016,501912,501912,0.3774810433387756
Connecticut,CTC,2016,252671,252671,0.3144085705280304
Delaware,CTC,2016,76646,76646,0.3529585003852844
Florida,CTC,2016,1375378,1375378,0.31249934434890747
Georgia,CTC,2016,774168,774168,0.29202955961227417
Hawaii,CTC,2016,128303,128303,0.3982883095741272
Idaho,CTC,2016,192289,192289,0.4173436462879181
Illinois,CTC,2016,1048634,1048634,0.3387797176837921
Indiana,CTC,2016,660916,660916,0.3976123332977295
Iowa,CTC,2016,333031,333031,0.4308164119720459
Kansas,CTC,2016,299303,299303,0.3967867493629456
Kentucky,CTC,2016,388104,388104,0.3632854223251343
Louisiana,CTC,2016,359414,359414,0.3063882887363434
Maine,CTC,2016,107499,107499,0.3967587351799011
Maryland,CTC,2016,402700,402700,0.2821367681026459
Massachusetts,CTC,2016,402120,402120,0.27265775203704834
Michigan,CTC,2016,644430,644430,0.2770460844039917
Minnesota,CTC,2016,412760,412760,0.30340585112571716
Mississippi,CTC,2016,207410,207410,0.27234455943107605
Missouri,CTC,2016,429570,429570,0.2935514748096466
Montana,CTC,2016,71970,71970,0.30020397901535034
Nebraska,CTC,2016,157300,157300,0.3153479993343353
Nevada,CTC,2016,225640,225640,0.31711721420288086
New Hampshire,CTC,2016,90130,90130,0.32344308495521545
New Jersey,CTC,2016,551830,551830,0.2627481520175934
New Mexico,CTC,2016,145500,145500,0.27953997254371643
New York,CTC,2016,1138140,1138140,0.25647467374801636
North Carolina,CTC,2016,821476,821476,0.3380666673183441
North Dakota,CTC,2016,82413,82413,0.44617509841918945
Ohio,CTC,2016,1043163,1043163,0.3771613240242005
Oklahoma,CTC,2016,356232,356232,0.3517204821109772
Oregon,CTC,2016,337585,337585,0.36753466725349426
Pennsylvania,CTC,2016,1029560,1029560,0.3621342480182648
Rhode Island,CTC,2016,79804,79804,0.3542027175426483
South Carolina,CTC,2016,392655,392655,0.337842732667923
South Dakota,CTC,2016,94018,94018,0.41994819045066833
Tennessee,CTC,2016,554413,554413,0.3497379422187805
Texas,CTC,2016,2451655,2451655,0.31885001063346863
Utah,CTC,2016,429877,429877,0.4454286992549896
Vermont,CTC,2016,52035,52035,0.4074242413043976
Virginia,CTC,2016,683620,683620,0.3457227051258087
Washington,CTC,2016,674459,674459,0.3930943012237549
West Virginia,CTC,2016,144958,144958,0.3659298717975617
Wisconsin,CTC,2016,562154,562154,0.41242361068725586
Wyoming,CTC,2016,65143,65143,0.44713738560676575
Alabama,addCC,2016,452968,452968,0.3898296356201172
Alaska,addCC,2016,45022,45022,0.23057815432548523
Arizona,addCC,2016,620675,620675,0.3605383038520813
Arkansas,addCC,2016,278169,278169,0.3737640082836151
California,addCC,2016,3027145,3027145,0.3148461580276489
Colorado,addCC,2016,345721,345721,0.2600119709968567
Connecticut,addCC,2016,177204,177204,0.22050198912620544
Delaware,addCC,2016,66196,66196,0.3048357665538788
Florida,addCC,2016,1754124,1754124,0.39855411648750305
Georgia,addCC,2016,1070408,1070408,0.4037764072418213
Hawaii,addCC,2016,87468,87468,0.2715250849723816
Idaho,addCC,2016,142980,142980,0.3103235065937042
Illinois,addCC,2016,957794,957794,0.3094322383403778
Indiana,addCC,2016,493422,493422,0.2968465983867645
Iowa,addCC,2016,188640,188640,0.2440289556980133
Kansas,addCC,2016,210727,210727,0.2793613374233246
Kentucky,addCC,2016,340389,340389,0.3186217248439789
Louisiana,addCC,2016,452910,452910,0.386090487241745
Maine,addCC,2016,69956,69956,0.25819453597068787
Maryland,addCC,2016,392809,392809,0.275206983089447
Massachusetts,addCC,2016,280937,280937,0.1904895305633545
Michigan,addCC,2016,674988,674988,0.29018324613571167
Minnesota,addCC,2016,308115,308115,0.22648486495018005
Mississippi,addCC,2016,334301,334301,0.43896177411079407
Missouri,addCC,2016,443270,443270,0.30291351675987244
Montana,addCC,2016,65091,65091,0.2715100347995758
Nebraska,addCC,2016,133842,133842,0.2683204412460327
Nevada,addCC,2016,281436,281436,0.39553359150886536
New Hampshire,addCC,2016,50974,50974,0.182926744222641
New Jersey,addCC,2016,529174,529174,0.25196075439453125
New Mexico,addCC,2016,190808,190808,0.366587370634079
New York,addCC,2016,1374518,1374518,0.30974137783050537
North Carolina,addCC,2016,867494,867494,0.35700473189353943
North Dakota,addCC,2016,38415,38415,0.2079746574163437
Ohio,addCC,2016,788065,788065,0.2849292457103729
Oklahoma,addCC,2016,340673,340673,0.33635851740837097
Oregon,addCC,2016,252101,252101,0.27446675300598145
Pennsylvania,addCC,2016,730011,730011,0.2567718029022217
Rhode Island,addCC,2016,61045,61045,0.2709426283836365
South Carolina,addCC,2016,434137,434137,0.3735340833663941
South Dakota,addCC,2016,58459,58459,0.2611175775527954
Tennessee,addCC,2016,581003,581003,0.36651161313056946
Texas,addCC,2016,2852658,2852658,0.3710024654865265
Utah,addCC,2016,273430,273430,0.28332188725471497
Vermont,addCC,2016,28951,28951,0.22668085992336273
Virginia,addCC,2016,539039,539039,0.27260470390319824
Washington,addCC,2016,433320,433320,0.25255146622657776
West Virginia,addCC,2016,116989,116989,0.2953253388404846
Wisconsin,addCC,2016,333863,333863,0.2449381947517395
Wyoming,addCC,2016,34768,34768,0.23864533007144928
Alabama,stateEITC,2016,0,0,0
Alaska,stateEITC,2016,0,0,0
Arizona,stateEITC,2016,0,0,0
Arkansas,stateEITC,2016,0,0,0
California,stateEITC,2016,200000,200000,0.02080152370035648
Colorado,stateEITC,2016,71355.8671875,71355.8671875,0.05366575717926025
Connecticut,stateEITC,2016,122409.296875,122409.296875,0.15231876075267792
Delaware,stateEITC,2016,29866.873046875,29866.873046875,0.1375383883714676
Florida,stateEITC,2016,0,0,0
Georgia,stateEITC,2016,0,0,0
Hawaii,stateEITC,2016,0,0,0
Idaho,stateEITC,2016,0,0,0
Illinois,stateEITC,2016,223593.125,223593.125,0.07223570346832275
Indiana,stateEITC,2016,106128.7109375,106128.7109375,0.06384787708520889
Iowa,stateEITC,2016,63540.71875,63540.71875,0.08219771087169647
Kansas,stateEITC,2016,76187.1171875,76187.1171875,0.10100145637989044
Kentucky,stateEITC,2016,0,0,0
Louisiana,stateEITC,2016,45811.8046875,45811.8046875,0.03905301541090011
Maine,stateEITC,2016,8902.8232421875,8902.8232421875,0.03285865858197212
Maryland,stateEITC,2016,226671.578125,226671.578125,0.15880900621414185
Massachusetts,stateEITC,2016,174885.8125,174885.8125,0.11858144402503969
Michigan,stateEITC,2016,106264.28125,106264.28125,0.04568394273519516
Minnesota,stateEITC,2016,221085.90625,221085.90625,0.16251273453235626
Mississippi,stateEITC,2016,0,0,0
Missouri,stateEITC,2016,0,0,0
Montana,stateEITC,2016,0,0,0
Nebraska,stateEITC,2016,28267.021484375,28267.021484375,0.05666846036911011
Nevada,stateEITC,2016,0,0,0
New Hampshire,stateEITC,2016,0,0,0
New Jersey,stateEITC,2016,383429.6875,383429.6875,0.1825660914182663
New Mexico,stateEITC,2016,47450.33984375,47450.33984375,0.09116334468126296
New York,stateEITC,2016,1104966.875,1104966.875,0.2489992678165436
North Carolina,stateEITC,2016,0,0,0
North Dakota,stateEITC,2016,0,0,0
Ohio,stateEITC,2016,92039.5078125,92039.5078125,0.03327739238739014
Oklahoma,stateEITC,2016,39241.3515625,39241.3515625,0.03874437883496284
Oregon,stateEITC,2016,42829.921875,42829.921875,0.04662968218326568
Pennsylvania,stateEITC,2016,0,0,0
Rhode Island,stateEITC,2016,22318.802734375,22318.802734375,0.09905995428562164
South Carolina,stateEITC,2016,0,0,0
South Dakota,stateEITC,2016,0,0,0
Tennessee,stateEITC,2016,0,0,0
Texas,stateEITC,2016,0,0,0
Utah,stateEITC,2016,0,0,0
Vermont,stateEITC,2016,24731.423828125,24731.423828125,0.19364237785339355
Virginia,stateEITC,2016,240654.953125,240654.953125,0.12170486897230148
Washington,stateEITC,2016,0,0,0
West Virginia,stateEITC,2016,0,0,0
Wisconsin,stateEITC,2016,97821.796875,97821.796875,0.07176684588193893
Wyoming,stateEITC,2016,0,0,0
Alabama,unemp,2016,196704,196704,0.16928578913211825
Alaska,unemp,2016,132158,132158,0.6768413186073303
Arizona,unemp,2016,278520,278520,0.1617869734764099
Arkansas,unemp,2016,204938,204938,0.27536657452583313
California,unemp,2016,5397144,5397144,0.5613440871238708
Colorado,unemp,2016,547071,547071,0.4114444851875305
Connecticut,unemp,2016,687975,687975,0.8560746908187866
Delaware,unemp,2016,75790,75790,0.34901660680770874
Florida,unemp,2016,452374,452374,0.10278379917144775
Georgia,unemp,2016,394407,394407,0.14877714216709137
Hawaii,unemp,2016,139675,139675,0.4335901737213135
Idaho,unemp,2016,102290,102290,0.222010001540184
Illinois,unemp,2016,1943616,1943616,0.6279194355010986
Indiana,unemp,2016,333332,333332,0.20053519308567047
Iowa,unemp,2016,434566,434566,0.5621643662452698
Kansas,unemp,2016,229823,229823,0.30467694997787476
Kentucky,unemp,2016,343923,343923,0.3219297230243683
Louisiana,unemp,2016,214794,214794,0.18310463428497312
Maine,unemp,2016,106232,106232,0.39208245277404785
Maryland,unemp,2016,545496,545496,0.38218146562576294
Massachusetts,unemp,2016,1492307,1492307,1.0118597745895386
Michigan,unemp,2016,849313,849313,0.3651270866394043
Minnesota,unemp,2016,836710,836710,0.6150370836257935
Mississippi,unemp,2016,99402,99402,0.13052213191986084
Missouri,unemp,2016,292884,292884,0.20014555752277377
Montana,unemp,2016,115595,115595,0.48217421770095825
Nebraska,unemp,2016,77914,77914,0.15619850158691406
Nevada,unemp,2016,342324,342324,0.4811063408851623
New Hampshire,unemp,2016,61777,61777,0.2216946929693222
New Jersey,unemp,2016,2042564,2042564,0.9725458025932312
New Mexico,unemp,2016,194581,194581,0.3738362193107605
New York,unemp,2016,2332413,2332413,0.5255987048149109
North Carolina,unemp,2016,243817,243817,0.1003393903374672
North Dakota,unemp,2016,205067,205067,1.110210657119751
Ohio,unemp,2016,981610,981610,0.35490649938583374
Oklahoma,unemp,2016,386652,386652,0.3817552328109741
Oregon,unemp,2016,502085,502085,0.5466286540031433
Pennsylvania,unemp,2016,2340879,2340879,0.823373556137085
Rhode Island,unemp,2016,153322,153322,0.680505633354187
South Carolina,unemp,2016,173866,173866,0.14959535002708435
South Dakota,unemp,2016,26347,26347,0.11768358200788498
Tennessee,unemp,2016,260540,260540,0.1643553227186203
Texas,unemp,2016,3090987,3090987,0.4019983410835266
Utah,unemp,2016,180058,180058,0.18657197058200836
Vermont,unemp,2016,70996,70996,0.5558852553367615
Virginia,unemp,2016,404643,404643,0.20463748276233673
Washington,unemp,2016,1005764,1005764,0.5861884951591492
West Virginia,unemp,2016,256533,256533,0.6475881934165955
Wisconsin,unemp,2016,519502,519502,0.38113200664520264
Wyoming,unemp,2016,117282,117282,0.8050161600112915
Alabama,wcomp,2016,0,0,0
Alaska,wcomp,2016,4875,4875,0.02496709488332271
Arizona,wcomp,2016,0,0,0
Arkansas,wcomp,2016,14579,14579,0.01958918944001197
California,wcomp,2016,1511574,1511574,0.15721522271633148
Colorado,wcomp,2016,409590,409590,0.30804693698883057
Connecticut,wcomp,2016,26546,26546,0.03303224593400955
Delaware,wcomp,2016,5224,5224,0.02405677177011966
Florida,wcomp,2016,56876,56876,0.01292278338223695
Georgia,wcomp,2016,0,0,0
Hawaii,wcomp,2016,0,0,0
Idaho,wcomp,2016,141072,141072,0.3061823844909668
Illinois,wcomp,2016,12543,12543,0.0040522376075387
Indiana,wcomp,2016,6431,6431,0.00386894098483026
Iowa,wcomp,2016,6466,6466,0.00836456380784511
Kansas,wcomp,2016,0,0,0
Kentucky,wcomp,2016,229562,229562,0.21488191187381744
Louisiana,wcomp,2016,58768,58768,0.05009773373603821
Maine,wcomp,2016,0,0,0
Maryland,wcomp,2016,184637,184637,0.12935903668403623
Massachusetts,wcomp,2016,53196,53196,0.0360695831477642
Michigan,wcomp,2016,15689,15689,0.00674483831971883
Minnesota,wcomp,2016,45950,45950,0.03377628326416015
Mississippi,wcomp,2016,0,0,0
Missouri,wcomp,2016,103393,103393,0.07065476477146149
Montana,wcomp,2016,64994,64994,0.27110540866851807
Nebraska,wcomp,2016,751,751,0.00150557118467986
Nevada,wcomp,2016,0,0,0
New Hampshire,wcomp,2016,0,0,0
New Jersey,wcomp,2016,209153,209153,0.09958604723215105
New Mexico,wcomp,2016,16107,16107,0.03094536438584327
New York,wcomp,2016,1468477,1468477,0.33091461658477783
North Carolina,wcomp,2016,0,0,0
North Dakota,wcomp,2016,197468,197468,1.0690704584121704
Ohio,wcomp,2016,819733,819733,0.2963789999485016
Oklahoma,wcomp,2016,186772,186772,0.1844066232442856
Oregon,wcomp,2016,334947,334947,0.36466261744499207
Pennsylvania,wcomp,2016,282803,282803,0.0994722545146942
Rhode Island,wcomp,2016,1264,1264,0.00561014795675873
South Carolina,wcomp,2016,81887,81887,0.07045606523752213
South Dakota,wcomp,2016,1726,1726,0.00770948734134435
Tennessee,wcomp,2016,0,0,0
Texas,wcomp,2016,368689,368689,0.04794985055923462
Utah,wcomp,2016,178925,178925,0.18539798259735107
Vermont,wcomp,2016,0,0,0
Virginia,wcomp,2016,4425,4425,0.00223782658576965
Washington,wcomp,2016,2096230,2096230,1.2217437028884888
West Virginia,wcomp,2016,191360,191360,0.4830664098262787
Wisconsin,wcomp,2016,2033,2033,0.00149150798097252
Wyoming,wcomp,2016,176217,176217,1.2095422744750977
Alabama,Medicaid_CHIP,2016,2288558.75,2288558.75,1.9695608615875244
Alaska,Medicaid_CHIP,2016,633217.9375,633217.9375,3.242997407913208
Arizona,Medicaid_CHIP,2016,3957936.25,3957936.25,2.2990899085998535
Arkansas,Medicaid_CHIP,2016,2804362.5,2804362.5,3.768104076385498
California,Medicaid_CHIP,2016,21432466,21432466,2.229139804840088
Colorado,Medicaid_CHIP,2016,2244358,2244358,1.6879504919052124
Connecticut,Medicaid_CHIP,2016,1099090.125,1099090.125,1.367641568183899
Delaware,Medicaid_CHIP,2016,542368.4375,542368.4375,2.4976327419281006
Florida,Medicaid_CHIP,2016,7243423.5,7243423.5,1.645776629447937
Georgia,Medicaid_CHIP,2016,3662056.25,3662056.25,1.381390929222107
Hawaii,Medicaid_CHIP,2016,434586.96875,434586.96875,1.349079132080078
Idaho,Medicaid_CHIP,2016,640189.375,640189.375,1.3894656896591189
Illinois,Medicaid_CHIP,2016,4878730.5,4878730.5,1.576159954071045
Indiana,Medicaid_CHIP,2016,1998804.375,1998804.375,1.2024966478347778
Iowa,Medicaid_CHIP,2016,1350452.125,1350452.125,1.746975302696228
Kansas,Medicaid_CHIP,2016,1712378.625,1712378.625,2.2701048851013184
Kentucky,Medicaid_CHIP,2016,3251868.75,3251868.75,3.043917417526245
Louisiana,Medicaid_CHIP,2016,2695991.5,2695991.5,2.29824161529541
Maine,Medicaid_CHIP,2016,560737.9375,560737.9375,2.0695788860321045
Maryland,Medicaid_CHIP,2016,2703458,2703458,1.894077181816101
Massachusetts,Medicaid_CHIP,2016,3705448.25,3705448.25,2.512481689453125
Michigan,Medicaid_CHIP,2016,4370879.5,4370879.5,1.8790793418884275
Minnesota,Medicaid_CHIP,2016,2545726.25,2545726.25,1.87127685546875
Mississippi,Medicaid_CHIP,2016,2116938,2116938,2.7796952724456787
Missouri,Medicaid_CHIP,2016,2675925.5,2675925.5,1.828623652458191
Montana,Medicaid_CHIP,2016,483991.40625,483991.40625,2.018843173980713
Nebraska,Medicaid_CHIP,2016,547983.1875,547983.1875,1.0985721349716189
Nevada,Medicaid_CHIP,2016,1164739.75,1164739.75,1.636939525604248
New Hampshire,Medicaid_CHIP,2016,441747.34375,441747.34375,1.5852670669555664
New Jersey,Medicaid_CHIP,2016,3372714.75,3372714.75,1.6058833599090576
New Mexico,Medicaid_CHIP,2016,2449713,2449713,4.706479072570801
New York,Medicaid_CHIP,2016,12160938,12160938,2.7404122352600098
North Carolina,Medicaid_CHIP,2016,4716117,4716117,1.9408503770828247
North Dakota,Medicaid_CHIP,2016,223666.734375,223666.734375,1.2109075784683228
Ohio,Medicaid_CHIP,2016,4203160,4203160,1.519675612449646
Oklahoma,Medicaid_CHIP,2016,1851089.75,1851089.75,1.8276464939117432
Oregon,Medicaid_CHIP,2016,1805148.5,1805148.5,1.9652966260910032
Pennsylvania,Medicaid_CHIP,2016,7311334.5,7311334.5,2.5716662406921387
Rhode Island,Medicaid_CHIP,2016,764808.6875,764808.6875,3.394533157348633
South Carolina,Medicaid_CHIP,2016,2061570.75,2061570.75,1.7737878561019895
South Dakota,Medicaid_CHIP,2016,293941.09375,293941.09375,1.3129403591156006
Tennessee,Medicaid_CHIP,2016,2990718.25,2990718.25,1.8866218328475952
Texas,Medicaid_CHIP,2016,20010150,20010150,2.6024203300476074
Utah,Medicaid_CHIP,2016,904106.0625,904106.0625,0.93681401014328
Vermont,Medicaid_CHIP,2016,773327.5,773327.5,6.055008411407471
Virginia,Medicaid_CHIP,2016,2692382.25,2692382.25,1.3616009950637815
Washington,Medicaid_CHIP,2016,3452743.5,3452743.5,2.012359142303467
West Virginia,Medicaid_CHIP,2016,788600.0625,788600.0625,1.9907306432724
Wisconsin,Medicaid_CHIP,2016,1594034.875,1594034.875,1.169461727142334
Wyoming,Medicaid_CHIP,2016,159780.953125,159780.953125,1.0967262983322144
Alabama,pubhealth,2016,803639,803639,0.6916212439537048
Alaska,pubhealth,2016,265330,265330,1.358875751495361
Arizona,pubhealth,2016,2847428,2847428,1.6540168523788452
Arkansas,pubhealth,2016,353822,353822,0.47541576623916626
California,pubhealth,2016,19978300,19978300,2.077895402908325
Colorado,pubhealth,2016,850181,850181,0.6394093036651611
Connecticut,pubhealth,2016,960754,960754,1.1955044269561768
Delaware,pubhealth,2016,474486,474486,2.185030937194824
Florida,pubhealth,2016,4816465,4816465,1.0943479537963867
Georgia,pubhealth,2016,2211707,2211707,0.8342940807342529
Hawaii,pubhealth,2016,523733,523733,1.625813364982605
Idaho,pubhealth,2016,245960,245960,0.5338310599327087
Illinois,pubhealth,2016,2524143,2524143,0.8154689073562622
Indiana,pubhealth,2016,773577,773577,0.4653900861740112
Iowa,pubhealth,2016,436828,436828,0.565090537071228
Kansas,pubhealth,2016,402607,402607,0.5337371230125427
Kentucky,pubhealth,2016,809244,809244,0.7574942708015442
Louisiana,pubhealth,2016,692039,692039,0.5899398922920227
Maine,pubhealth,2016,255090,255090,0.9414895176887512
Maryland,pubhealth,2016,1848265,1848265,1.2949180603027344
Massachusetts,pubhealth,2016,1954389,1954389,1.3251748085021973
Michigan,pubhealth,2016,4339142,4339142,1.8654351234436035
Minnesota,pubhealth,2016,1149841,1149841,0.8452090620994568
Mississippi,pubhealth,2016,399349,399349,0.5243746042251587
Missouri,pubhealth,2016,2159646,2159646,1.4758182764053345
Montana,pubhealth,2016,347285,347285,1.4486082792282104
Nebraska,pubhealth,2016,568514,568514,1.1397314071655271
Nevada,pubhealth,2016,356541,356541,0.5010870695114136
New Hampshire,pubhealth,2016,169960,169960,0.6099233031272888
New Jersey,pubhealth,2016,1645196,1645196,0.7833431363105774
New Mexico,pubhealth,2016,533202,533202,1.0244073867797852
New York,pubhealth,2016,6429222,6429222,1.448796033859253
North Carolina,pubhealth,2016,4616248,4616248,1.8997507095336912
North Dakota,pubhealth,2016,305250,305250,1.65259051322937
Ohio,pubhealth,2016,4342486,4342486,1.57004976272583
Oklahoma,pubhealth,2016,1073497,1073497,1.0599015951156616
Oregon,pubhealth,2016,1424388,1424388,1.5507559776306152
Pennsylvania,pubhealth,2016,5238464,5238464,1.84256112575531
Rhode Island,pubhealth,2016,195101,195101,0.8659378886222839
South Carolina,pubhealth,2016,1309670,1309670,1.1268479824066162
South Dakota,pubhealth,2016,216455,216455,0.9668349027633668
Tennessee,pubhealth,2016,932079,932079,0.5879793763160706
Texas,pubhealth,2016,5130978,5130978,0.6673094034194946
Utah,pubhealth,2016,578581,578581,0.5995123982429504
Vermont,pubhealth,2016,395894,395894,3.0997753143310547
Virginia,pubhealth,2016,2252362,2252362,1.1390724182128906
Washington,pubhealth,2016,2327823,2327823,1.3567228317260742
West Virginia,pubhealth,2016,286692,286692,0.7237211465835571
Wisconsin,pubhealth,2016,1461296,1461296,1.0720781087875366
Wyoming,pubhealth,2016,294009,294009,2.018059015274048
Alabama,other_health,2016,9464564,9464564,8.145316123962402
Alaska,other_health,2016,1455623,1455623,7.45490837097168
Arizona,other_health,2016,7951118,7951118,4.618653297424316
Arkansas,other_health,2016,4780825.5,4780825.5,6.423794269561768
California,other_health,2016,78671320,78671320,8.182416915893555
Colorado,other_health,2016,7114706,7114706,5.350871562957764
Connecticut,other_health,2016,6326805,6326805,7.872695446014404
Delaware,other_health,2016,1552508.5,1552508.5,7.149376392364502
Florida,other_health,2016,24354066,24354066,5.533482074737549
Georgia,other_health,2016,11063646,11063646,4.173398494720459
Hawaii,other_health,2016,2376008,2376008,7.375791549682617
Idaho,other_health,2016,2033082.625,2033082.625,4.412598133087158
Illinois,other_health,2016,14482560,14482560,4.67884635925293
Indiana,other_health,2016,13031363,13031363,7.839771747589111
Iowa,other_health,2016,7440843,7440843,9.625642776489258
Kansas,other_health,2016,4474336.5,4474336.5,5.931639671325684
Kentucky,other_health,2016,9049931,9049931,8.471203804016113
Louisiana,other_health,2016,8147071.5,8147071.5,6.945103168487549
Maine,other_health,2016,1950688,1950688,7.199625015258789
Maryland,other_health,2016,7329224,7329224,5.134947776794434
Massachusetts,other_health,2016,14498049,14498049,9.830411911010742
Michigan,other_health,2016,13389940,13389940,5.756452560424805
Minnesota,other_health,2016,11599070,11599070,8.526082038879395
Mississippi,other_health,2016,7312328,7312328,9.60162353515625
Missouri,other_health,2016,8754450,8754450,5.982451438903809
Montana,other_health,2016,1294052.625,1294052.625,5.397800922393799
Nebraska,other_health,2016,1791891.75,1791891.75,3.5923044681549072
Nevada,other_health,2016,3212513.25,3212513.25,4.5149054527282715
New Hampshire,other_health,2016,1520697.625,1520697.625,5.457218647003174
New Jersey,other_health,2016,13396093,13396093,6.378411769866943
New Mexico,other_health,2016,4058218,4058218,7.796798229217529
New York,other_health,2016,57263100,57263100,12.903979301452637
North Carolina,other_health,2016,15686386,15686386,6.455507278442383
North Dakota,other_health,2016,563247.25,563247.25,3.0493597984313965
Ohio,other_health,2016,22353300,22353300,8.081958770751953
Oklahoma,other_health,2016,4649804,4649804,4.590916156768799
Oregon,other_health,2016,7694892.5,7694892.5,8.3775634765625
Pennsylvania,other_health,2016,19879696,19879696,6.992423057556152
Rhode Island,other_health,2016,1424855.25,1424855.25,6.324089050292969
South Carolina,other_health,2016,10784754,10784754,9.279267311096191
South Dakota,other_health,2016,495612.90625,495612.90625,2.2137434482574463
Tennessee,other_health,2016,10157854,10157854,6.407835006713867
Texas,other_health,2016,29446952,29446952,3.829723596572876
Utah,other_health,2016,3614555,3614555,3.745319128036499
Vermont,other_health,2016,575453.5,575453.5,4.505692481994629
Virginia,other_health,2016,11271793,11271793,5.700410842895508
Washington,other_health,2016,11561610,11561610,6.7384419441223145
West Virginia,other_health,2016,3435902,3435902,8.673541069030762
Wisconsin,other_health,2016,9479950,9479950,6.954954147338867
Wyoming,other_health,2016,1604700,1604700,11.014558792114258
Alabama,HCD,2016,431095,431095,0.3710054755210877
Alaska,HCD,2016,283145,283145,1.4501144886016846
Arizona,HCD,2016,432158,432158,0.25103238224983215
Arkansas,HCD,2016,167482,167482,0.2250385284423828
California,HCD,2016,6536906,6536906,0.6798880696296692
Colorado,HCD,2016,796001,796001,0.5986613035202026
Connecticut,HCD,2016,906442,906442,1.1279218196868896
Delaware,HCD,2016,142671,142671,0.6570068001747131
Florida,HCD,2016,2189867,2189867,0.49755918979644775
Georgia,HCD,2016,1074208,1074208,0.4052098095417022
Hawaii,HCD,2016,213351,213351,0.6623010039329529
Idaho,HCD,2016,144625,144625,0.31389379501342773
Illinois,HCD,2016,1729943,1729943,0.5588886141777039
Indiana,HCD,2016,791354,791354,0.4760848879814148
Iowa,HCD,2016,156381,156381,0.20229798555374143
Kansas,HCD,2016,268168,268168,0.35551100969314575
Kentucky,HCD,2016,437943,437943,0.40993732213974
Louisiana,HCD,2016,673609,673609,0.5742289423942566
Maine,HCD,2016,272149,272149,1.0044511556625366
Maryland,HCD,2016,1421347,1421347,0.9958138465881348
Massachusetts,HCD,2016,2610969,2610969,1.770369291305542
Michigan,HCD,2016,1076589,1076589,0.46283504366874695
Minnesota,HCD,2016,873204,873204,0.6418625712394714
Mississippi,HCD,2016,254237,254237,0.33383187651634216
Missouri,HCD,2016,615578,615578,0.4206621050834656
Montana,HCD,2016,73325,73325,0.30585598945617676
Nebraska,HCD,2016,188271,188271,0.3774372935295105
Nevada,HCD,2016,283000,283000,0.3977316617965698
New Hampshire,HCD,2016,209021,209021,0.750098705291748
New Jersey,HCD,2016,1298774,1298774,0.6183978319168091
New Mexico,HCD,2016,140737,140737,0.2703891396522522
New York,HCD,2016,4266192,4266192,0.9613670110702516
North Carolina,HCD,2016,1331845,1331845,0.5481017231941223
North Dakota,HCD,2016,91090,91090,0.4931514263153076
Ohio,HCD,2016,2038432,2038432,0.7370063066482544
Oklahoma,HCD,2016,382160,382160,0.3773201107978821
Oregon,HCD,2016,591241,591241,0.6436943411827087
Pennsylvania,HCD,2016,1721077,1721077,0.6053662896156311
Rhode Island,HCD,2016,271490,271490,1.204983472824097
South Carolina,HCD,2016,438678,438678,0.3774411976337433
South Dakota,HCD,2016,97866,97866,0.4371359646320343
Tennessee,HCD,2016,729252,729252,0.4600308835506439
Texas,HCD,2016,1756766,1756766,0.22847622632980347
Utah,HCD,2016,309551,309551,0.3207496404647827
Vermont,HCD,2016,145436,145436,1.138736367225647
Virginia,HCD,2016,891662,891662,0.4509344398975372
Washington,HCD,2016,1174405,1174405,0.6844773292541504
West Virginia,HCD,2016,129435,129435,0.32674384117126465
Wisconsin,HCD,2016,247725,247725,0.18174314498901367
Wyoming,HCD,2016,13538,13538,0.09292396903038024
Alabama,lib,2016,99678,99678,0.08578407019376755
Alaska,lib,2016,35844,35844,0.1835734397172928
Arizona,lib,2016,169870,169870,0.09867425262928008
Arkansas,lib,2016,84946,84946,0.11413837224245071
California,lib,2016,1359466,1359466,0.14139482378959656
Colorado,lib,2016,247711,247711,0.18629999458789823
Connecticut,lib,2016,174850,174850,0.21757280826568604
Delaware,lib,2016,33493,33493,0.15423686802387238
Florida,lib,2016,497638,497638,0.11306822299957275
Georgia,lib,2016,147562,147562,0.05566293746232986
Hawaii,lib,2016,31864,31864,0.0989147424697876
Idaho,lib,2016,52624,52624,0.11421502381563188
Illinois,lib,2016,673569,673569,0.21760834753513336
Indiana,lib,2016,380280,380280,0.22877947986125943
Iowa,lib,2016,132596,132596,0.17152917385101318
Kansas,lib,2016,117617,117617,0.15592515468597412
Kentucky,lib,2016,107446,107446,0.10057501494884492
Louisiana,lib,2016,179356,179356,0.15289492905139923
Maine,lib,2016,40572,40572,0.1497436761856079
Maryland,lib,2016,181957,181957,0.1274814009666443
Massachusetts,lib,2016,284132,284132,0.19265589118003845
Michigan,lib,2016,337694,337694,0.14517760276794434
Minnesota,lib,2016,219564,219564,0.16139404475688934
Mississippi,lib,2016,45711,45711,0.06002190336585045
Missouri,lib,2016,213676,213676,0.1460178792476654
Montana,lib,2016,27218,27218,0.11353274434804916
Nebraska,lib,2016,57613,57613,0.11549996584653854
Nevada,lib,2016,98643,98643,0.1386340856552124
New Hampshire,lib,2016,52629,52629,0.18886591494083405
New Jersey,lib,2016,405222,405222,0.192942276597023
New Mexico,lib,2016,41614,41614,0.07995035499334335
New York,lib,2016,933092,933092,0.2102680504322052
North Carolina,lib,2016,251544,251544,0.10351932793855669
North Dakota,lib,2016,15222,15222,0.08241026103496552
Ohio,lib,2016,385724,385724,0.13946063816547394
Oklahoma,lib,2016,124480,124480,0.1229035183787346
Oregon,lib,2016,210979,210979,0.22969651222229004
Pennsylvania,lib,2016,211802,211802,0.07449857890605927
Rhode Island,lib,2016,39212,39212,0.1740388572216034
South Carolina,lib,2016,146741,146741,0.12625683844089508
South Dakota,lib,2016,27994,27994,0.125040203332901
Tennessee,lib,2016,124398,124398,0.07847344875335693
Texas,lib,2016,496204,496204,0.06453381478786469
Utah,lib,2016,94612,94612,0.09803478419780733
Vermont,lib,2016,20962,20962,0.16412849724292755
Virginia,lib,2016,281697,281697,0.14246079325675964
Washington,lib,2016,411304,411304,0.2397199124097824
West Virginia,lib,2016,52127,52127,0.1315886527299881
Wisconsin,lib,2016,277385,277385,0.20350317656993863
Wyoming,lib,2016,23781,23781,0.1632312685251236
Alabama,parkrec,2016,330073,330073,0.28406473994255066
Alaska,parkrec,2016,91864,91864,0.4704773724079132
Arizona,parkrec,2016,618931,618931,0.35952526330947876
Arkansas,parkrec,2016,197134,197134,0.2648806869983673
California,parkrec,2016,5072765,5072765,0.5276062488555908
Colorado,parkrec,2016,986675,986675,0.7420645356178284
Connecticut,parkrec,2016,244496,244496,0.30423611402511597
Delaware,parkrec,2016,69497,69497,0.32003703713417053
Florida,parkrec,2016,2489806,2489806,0.5657082796096802
Georgia,parkrec,2016,682435,682435,0.25742626190185547
Hawaii,parkrec,2016,204863,204863,0.6359518766403198
Idaho,parkrec,2016,129127,129127,0.280256986618042
Illinois,parkrec,2016,2161383,2161383,0.6982728838920593
Indiana,parkrec,2016,444181,444181,0.2672228217124939
Iowa,parkrec,2016,289939,289939,0.37507164478302
Kansas,parkrec,2016,274743,274743,0.3642275035381317
Kentucky,parkrec,2016,307916,307916,0.28822532296180725
Louisiana,parkrec,2016,576941,576941,0.4918227195739746
Maine,parkrec,2016,82111,82111,0.30305635929107666
Maryland,parkrec,2016,1080072,1080072,0.7567121982574463
Massachusetts,parkrec,2016,386193,386193,0.26185843348503113
Michigan,parkrec,2016,693803,693803,0.2982719838619232
Minnesota,parkrec,2016,927002,927002,0.6814076900482178
Mississippi,parkrec,2016,194515,194515,0.2554124891757965
Missouri,parkrec,2016,601553,601553,0.41107797622680664
Montana,parkrec,2016,74535,74535,0.3109031915664673
Nebraska,parkrec,2016,182385,182385,0.3656373023986816
Nevada,parkrec,2016,498073,498073,0.6999979019165039
New Hampshire,parkrec,2016,89985,89985,0.3229227364063263
New Jersey,parkrec,2016,598968,598968,0.28519243001937866
New Mexico,parkrec,2016,264182,264182,0.5075562000274658
New York,parkrec,2016,2018328,2018328,0.45482105016708374
North Carolina,parkrec,2016,779442,779442,0.32076817750930786
North Dakota,parkrec,2016,181727,181727,0.983850359916687
Ohio,parkrec,2016,1074567,1074567,0.3885156214237213
Oklahoma,parkrec,2016,323394,323394,0.3192983567714691
Oregon,parkrec,2016,547959,547959,0.5965725183486938
Pennsylvania,parkrec,2016,752140,752140,0.2645553946495056
Rhode Island,parkrec,2016,87454,87454,0.3881565630435944
South Carolina,parkrec,2016,469417,469417,0.4038892090320587
South Dakota,parkrec,2016,124059,124059,0.5541316866874695
Tennessee,parkrec,2016,477452,477452,0.30118897557258606
Texas,parkrec,2016,1835343,1835343,0.23869554698467255
Utah,parkrec,2016,379661,379661,0.3933960199356079
Vermont,parkrec,2016,48234,48234,0.37766310572624207
Virginia,parkrec,2016,877330,877330,0.44368642568588257
Washington,parkrec,2016,846154,846154,0.493163138628006
West Virginia,parkrec,2016,164849,164849,0.4161424338817597
Wisconsin,parkrec,2016,533003,533003,0.3910370171070099
Wyoming,parkrec,2016,109375,109375,0.75074303150177
